svfn,ar,staerd,leiguverd,kaupverd,fasteignamat
0000,2011,50-59,93141.5,14612500,12250
0000,2011,60-69,99743,16250000,13900
0000,2011,70-79,110000,18500000,15600
0000,2011,80-89,120000,19950000,16900
0000,2011,90-99,130000,22000000,18425
0000,2011,100-109,135000,23975000,19625
0000,2011,110-150,142000,27000000,22350
0000,2012,50-59,100000,15475000,13175
0000,2012,60-69,110000,17700000,14700
0000,2012,70-79,129500,19100000,16500
0000,2012,80-89,130000,21500000,18050
0000,2012,90-99,140000,23200000,19300
0000,2012,100-109,150000,24650000,20900
0000,2012,110-150,150000,28850000,23950
0000,2013,50-59,110000,17000000,14400
0000,2013,60-69,115000,18500000,15950
0000,2013,70-79,140000,21225000,17550
0000,2013,80-89,150000,23200000,19450
0000,2013,90-99,150000,24800000,21000
0000,2013,100-109,160000,27000000,22900
0000,2013,110-150,168000,30500000,25650
0000,2014,50-59,120000,19700000,15300
0000,2014,60-69,128000,21837000,16700
0000,2014,70-79,145000,24000000,18750
0000,2014,80-89,155000,26000000,20900
0000,2014,90-99,160000,27500000,21950
0000,2014,100-109,175000,28750000,23650
0000,2014,110-150,185000,33900000,27700
0000,2015,50-59,120000,22500000,17400
0000,2015,60-69,140000,23750000,18950
0000,2015,70-79,153000,26500000,21500
0000,2015,80-89,165000,27950000,23000
0000,2015,90-99,175000,28450000,24050
0000,2015,100-109,185000,31800000,26850
0000,2015,110-150,200000,36500000,30850
0000,2016,50-59,130000,25000000,19200
0000,2016,60-69,145000,26750000,20825
0000,2016,70-79,167500,29500000,23475
0000,2016,80-89,172000,31000000,25050
0000,2016,90-99,186000,33000000,27200
0000,2016,100-109,190000,34850000,29000
0000,2016,110-150,210000,39800000,33800
0000,2017,50-59,160000,29900000,22500
0000,2017,60-69,170000,32000000,23775
0000,2017,70-79,185000,34550000,26200
0000,2017,80-89,199000,37000000,28500
0000,2017,90-99,200000,39000000,30300
0000,2017,100-109,210000,41450000,32450
0000,2017,110-150,240000,48000000,37400
0000,2018,50-59,174000,31500000,26500
0000,2018,60-69,180000,33372000,27700
0000,2018,70-79,200000,35700000,31325
0000,2018,80-89,220000,38500000,33100
0000,2018,90-99,220000,40900000,35450
0000,2018,100-109,235000,43500000,38300
0000,2018,110-150,250000,49500000,43100
0000,2019,50-59,180000,31007000,28975
0000,2019,60-69,190000,34500000,31375
0000,2019,70-79,210000,37000000,34525
0000,2019,80-89,220000,40300000,36800
0000,2019,90-99,230000,42000000,38550
0000,2019,100-109,248000,44250000,40850
0000,2019,110-150,256000,51500000,46650
0000,2020,50-59,180000,35000000,29900
0000,2020,60-69,190000,37200000,33900
0000,2020,70-79,210000,40500000,36550
0000,2020,80-89,215000,42950000,39250
0000,2020,90-99,230000,44700000,40925
0000,2020,100-109,240000,48350000,43875
0000,2020,110-150,250000,55500000,49475
0000,2021,50-59,180000,36900000,30825
0000,2021,60-69,190000,40000000,34225
0000,2021,70-79,210000,44900000,37500
0000,2021,80-89,220000,48000000,40150
0000,2021,90-99,230000,50100000,42900
0000,2021,100-109,245000,55300000,45525
0000,2021,110-150,255000,63500000,51850
0000,2022,50-59,190000,44750000,33100
0000,2022,60-69,200000,47000000,36350
0000,2022,70-79,220000,53500000,41800
0000,2022,80-89,235000,55300000,42550
0000,2022,90-99,240000,59000000,47350
0000,2022,100-109,260000,64500000,49100
0000,2022,110-150,267000,74900000,55900
1000,2011,50-59,90000,13500000,11850
1000,2011,60-69,102750,16000000,13525
1000,2011,70-79,115000,18000000,15600
1000,2011,80-89,120000,19700000,16550
1000,2011,90-99,130000,22500000,19025
1000,2011,100-109,132500,23500000,20050
1000,2011,110-150,150000,28500000,23000
1000,2012,50-59,100000,15900000,12000
1000,2012,60-69,105000,17180000,14250
1000,2012,70-79,120250,20100000,16250
1000,2012,80-89,135000,22000000,17650
1000,2012,90-99,140000,24500000,19850
1000,2012,100-109,145000,25876000,20750
1000,2012,110-150,165000,31000000,23900
1000,2013,50-59,112500,16600000,13650
1000,2013,60-69,125000,19000000,15350
1000,2013,70-79,130000,21500000,17450
1000,2013,80-89,142500,24500000,19500
1000,2013,90-99,150000,26325000,21800
1000,2013,100-109,162500,27950000,23250
1000,2013,110-150,180000,32500000,26375
1000,2014,50-59,120000,18500000,13800
1000,2014,60-69,126500,21571500,16575
1000,2014,70-79,150000,24500000,18350
1000,2014,80-89,150000,25200000,20000
1000,2014,90-99,168250,28000000,23950
1000,2014,100-109,170000,30650000,25175
1000,2014,110-150,190000,36000000,28425
1000,2015,50-59,120000,19500000,14800
1000,2015,60-69,140000,23200000,18000
1000,2015,70-79,154811.5,25650000,20825
1000,2015,80-89,170000,28250000,23300
1000,2015,90-99,176143.5,31100000,26175
1000,2015,100-109,180000,33700000,28775
1000,2015,110-150,200000,38500000,32700
1000,2016,50-59,140000,22550000,17275
1000,2016,60-69,150000,27200000,20200
1000,2016,70-79,160000,28950000,22450
1000,2016,80-89,180000,31500000,24650
1000,2016,90-99,189000,34500000,28625
1000,2016,100-109,190000,36200000,31100
1000,2016,110-150,220000,42000000,35350
1000,2017,50-59,150000,28950000,19725
1000,2017,60-69,172000,32000000,22450
1000,2017,70-79,180000,34600000,25775
1000,2017,80-89,190000,38550000,28200
1000,2017,90-99,205000,40050000,30875
1000,2017,100-109,217000,43900000,33150
1000,2017,110-150,232000,51400000,38250
1000,2018,50-59,165000,30000000,23950
1000,2018,60-69,182000,33650000,26950
1000,2018,70-79,200000,37900000,29925
1000,2018,80-89,210000,40500000,32350
1000,2018,90-99,227500,43100000,35475
1000,2018,100-109,230000,45900000,37800
1000,2018,110-150,250000,55000000,43000
1000,2019,50-59,175000,33650000,25350
1000,2019,60-69,198500,36800000,30325
1000,2019,70-79,210000,39800000,33450
1000,2019,80-89,225000,42000000,35650
1000,2019,90-99,230000,44750000,38825
1000,2019,100-109,240000,48000000,41850
1000,2019,110-150,260000,54500000,47600
1000,2020,50-59,170000,35150000,29900
1000,2020,60-69,180000,37500000,33050
1000,2020,70-79,200000,41950000,35975
1000,2020,80-89,220000,44700000,39500
1000,2020,90-99,235000,47200000,42775
1000,2020,100-109,250000,52000000,45650
1000,2020,110-150,270000,60000000,51450
1000,2021,50-59,170000,41900000,27500
1000,2021,60-69,185000,42950000,32275
1000,2021,70-79,220000,47025000,35450
1000,2021,80-89,225000,53500000,38700
1000,2021,90-99,240000,54900000,43150
1000,2021,100-109,250000,57500000,46500
1000,2021,110-150,270000,67500000,53500
1000,2022,50-59,180000,43000000,31300
1000,2022,60-69,207093,47500000,31650
1000,2022,70-79,220000,56000000,41900
1000,2022,80-89,240000,57000000,43100
1000,2022,90-99,250000,62500000,46775
1000,2022,100-109,260000,68450000,50625
1000,2022,110-150,270000,78000000,59450
1100,2011,50-59,100000,17850000,14450
1100,2011,60-69,105000,16900000,15050
1100,2011,70-79,100000,22500000,17200
1100,2011,80-89,122500,22000000,16825
1100,2011,100-109,130000,26550000,20800
1100,2011,110-150,135000,35600000,24150
1100,2012,50-59,110000,17075000,14650
1100,2012,60-69,130000,18900000,16975
1100,2012,70-79,125000,21400000,17600
1100,2012,80-89,142500,24250000,17325
1100,2012,90-99,140000,21112000,17750
1100,2012,100-109,150000,32700000,19100
1100,2012,110-150,167500,35975000,27225
1100,2013,50-59,112500,17400000,15250
1100,2013,60-69,130000,19500000,18050
1100,2013,70-79,145000,22800000,20250
1100,2013,80-89,145000,20136000,20300
1100,2013,100-109,165000,30100000,25900
1100,2013,110-150,150213,35500000,27350
1100,2014,50-59,120000,22050000,16500
1100,2014,70-79,157500,24100000,19625
1100,2014,80-89,165000,30100000,22275
1100,2014,90-99,146500,30250000,21075
1100,2014,100-109,165000,36000000,27200
1100,2014,110-150,190000,44250000,24600
1100,2015,50-59,119394.5,23200000,18150
1100,2015,60-69,160000,25500000,19650
1100,2015,70-79,150000,27400000,24800
1100,2015,80-89,178000,31850000,26750
1100,2015,90-99,154500,36500000,23150
1100,2015,100-109,200000,36500000,31600
1100,2015,110-150,200000,42500000,34500
1100,2016,50-59,139000,28900000,19500
1100,2016,60-69,141000,30900000,24700
1100,2016,70-79,175000,39700000,22175
1100,2016,80-89,160000,36750000,29825
1100,2016,90-99,180000,28500000,27950
1100,2016,100-109,217500,39200000,33300
1100,2016,110-150,167500,56000000,37550
1100,2017,50-59,150000,38150000,14005
1100,2017,60-69,170000,33000000,25000
1100,2017,70-79,210000,31881000,26225
1100,2017,80-89,222000,40900000,27850
1100,2017,90-99,197500,52000000,38400
1100,2017,100-109,235000,48000000,37300
1100,2017,110-150,222500,58550000,43600
1100,2018,50-59,150000,31500000,27000
1100,2018,60-69,175000,34500000,31925
1100,2018,70-79,225000,38500000,34300
1100,2018,80-89,223000,45400000,39300
1100,2018,90-99,235000,49150000,32625
1100,2018,100-109,250000,47500000,42650
1100,2018,110-150,230000,58750000,48325
1100,2019,50-59,175000,34300000,30450
1100,2019,60-69,181000,37100000,32400
1100,2019,70-79,210000,39900000,36200
1100,2019,80-89,260000,45000000,40650
1100,2019,90-99,227500,45300000,42250
1100,2019,100-109,280000,48900000,45050
1100,2019,110-150,272500,55750000,54825
1100,2020,50-59,170000,31800000,29175
1100,2020,60-69,175000,37700000,35100
1100,2020,70-79,210000,40800000,39525
1100,2020,80-89,235000,45900000,43725
1100,2020,90-99,220000,50750000,44225
1100,2020,100-109,270000,47750000,47425
1100,2020,110-150,230000,62000000,55050
1100,2021,50-59,170000,38700000,31200
1100,2021,60-69,180000,41950000,35725
1100,2021,70-79,215000,48000000,40250
1100,2021,80-89,232500,48900000,43750
1100,2021,90-99,267500,56000000,49050
1100,2021,100-109,260000,52000000,46500
1100,2022,50-59,205000,43500000,35000
1100,2022,60-69,220000,49750000,38950
1100,2022,70-79,210000,53000000,39900
1100,2022,80-89,185000,57600000,48850
1100,2022,100-109,295000,66900000,57250
1300,2011,50-59,92071,16275000,12625
1300,2011,70-79,96000,17500000,14950
1300,2011,80-89,105000,21450000,16825
1300,2011,90-99,135000,21300000,18700
1300,2011,100-109,122593.5,27500000,23450
1300,2011,110-150,140000,30500000,26825
1300,2012,60-69,102026.5,17625000,16475
1300,2012,70-79,105000,21000000,17325
1300,2012,80-89,135000,23750000,19725
1300,2012,90-99,143500,23500000,21550
1300,2012,100-109,165000,28500000,23250
1300,2012,110-150,145000,29900000,26300
1300,2013,50-59,96618.5,20900000,17700
1300,2013,60-69,127500,19300000,17900
1300,2013,70-79,120000,23750000,17300
1300,2013,80-89,140000,26000000,22625
1300,2013,90-99,145000,25500000,23100
1300,2013,100-109,157500,31000000,23950
1300,2013,110-150,150000,38900000,25650
1300,2014,50-59,135000,20000000,15200
1300,2014,60-69,132500,22500000,18850
1300,2014,70-79,150000,24250000,18925
1300,2014,80-89,142500,28200000,22750
1300,2014,90-99,160000,30500000,24550
1300,2014,100-109,175000,34825000,25225
1300,2014,110-150,170000,39600000,29700
1300,2015,50-59,125000,21500000,15550
1300,2015,60-69,135000,25500000,18450
1300,2015,70-79,160000,27600000,21200
1300,2015,80-89,157808,32900000,23800
1300,2015,90-99,177500,34500000,23250
1300,2015,100-109,200000,37250000,30100
1300,2015,110-150,200000,41900000,33700
1300,2016,50-59,150500,28450000,19975
1300,2016,60-69,155000,30000000,20350
1300,2016,70-79,161500,30700000,21650
1300,2016,80-89,167500,36550000,25500
1300,2016,90-99,190000,38800000,31600
1300,2016,100-109,207500,43700000,36950
1300,2016,110-150,210000,48900000,36675
1300,2017,50-59,115818,24450000,17250
1300,2017,60-69,155000,35900000,22400
1300,2017,70-79,180000,35700000,24300
1300,2017,80-89,215000,41000000,30575
1300,2017,90-99,197500,40800000,28350
1300,2017,100-109,217500,46700000,37575
1300,2017,110-150,233200,54200000,43400
1300,2018,50-59,185000,32837500,24575
1300,2018,60-69,210000,33800000,26950
1300,2018,70-79,190000,38000000,28650
1300,2018,80-89,225000,39800000,32900
1300,2018,90-99,202500,45350000,37100
1300,2018,100-109,232500,49600000,39775
1300,2018,110-150,250000,58150000,46425
1300,2019,50-59,162709,36350000,27525
1300,2019,60-69,185000,38950000,30775
1300,2019,70-79,210000,37450000,32100
1300,2019,80-89,235000,46595000,20125
1300,2019,90-99,240000,46400000,37200
1300,2019,100-109,250000,52675000,45025
1300,2019,110-150,247500,62500000,50550
1300,2020,50-59,190000,35000000,29250
1300,2020,60-69,198187,40900000,36550
1300,2020,70-79,195000,41900000,37400
1300,2020,80-89,230000,47900000,41125
1300,2020,90-99,245000,51900000,44700
1300,2020,100-109,241000,54900000,47300
1300,2020,110-150,250000,62900000,54450
1300,2021,50-59,187500,41500000,34050
1300,2021,60-69,200000,46200000,38050
1300,2021,70-79,199000,46100000,39900
1300,2021,80-89,230000,51475000,43625
1300,2021,90-99,242500,56900000,43950
1300,2021,100-109,250000,61675000,51525
1300,2021,110-150,260000,70350000,56500
1300,2022,50-59,210000,48000000,35600
1300,2022,60-69,187500,51000000,38300
1300,2022,70-79,205000,57300000,43850
1300,2022,80-89,250000,65000000,45850
1300,2022,90-99,245000,68700000,53950
1300,2022,100-109,250000,72000000,54500
1300,2022,110-150,250000,85900000,61600
1400,2011,50-59,90000,12500000,10800
1400,2011,60-69,100000,15000000,12550
1400,2011,70-79,110340,17906000,15450
1400,2011,80-89,120000,19900000,16200
1400,2011,90-99,125354,21650000,17800
1400,2011,100-109,135000,22100000,18750
1400,2011,110-150,140000,25500000,20900
1400,2012,50-59,94094,14300000,12000
1400,2012,60-69,110000,15450000,13050
1400,2012,70-79,125000,18700000,15650
1400,2012,80-89,130000,19600000,17000
1400,2012,90-99,140000,22350000,18750
1400,2012,100-109,145000,23000000,19600
1400,2012,110-150,150000,26800000,22350
1400,2013,50-59,97190,15250000,12950
1400,2013,60-69,117200,16175000,15325
1400,2013,70-79,131580,20000000,17500
1400,2013,80-89,140000,20734500,18650
1400,2013,90-99,145000,22850000,20150
1400,2013,100-109,160000,24250000,22175
1400,2013,110-150,167280,27450000,24575
1400,2014,50-59,99953.5,17000000,13300
1400,2014,60-69,128250,20900000,14900
1400,2014,70-79,150000,21325000,17500
1400,2014,80-89,150000,23000000,19200
1400,2014,90-99,154000,26025000,19725
1400,2014,100-109,170000,27500000,21250
1400,2014,110-150,170000,31000000,25100
1400,2015,50-59,101609,18500000,13950
1400,2015,60-69,140000,21500000,16150
1400,2015,70-79,153000,24000000,20150
1400,2015,80-89,159883,25500000,20275
1400,2015,90-99,170000,27665000,21975
1400,2015,100-109,175000,29575000,24200
1400,2015,110-150,182175,34510000,26850
1400,2016,50-59,107299,22000000,16100
1400,2016,60-69,140000,25500000,17775
1400,2016,70-79,160500,28350000,20625
1400,2016,80-89,165000,28400000,21850
1400,2016,90-99,172894,32000000,23950
1400,2016,100-109,187000,32000000,26600
1400,2016,110-150,200000,38000000,29100
1400,2017,50-59,157500,28500000,18450
1400,2017,60-69,159000,30700000,20775
1400,2017,70-79,189000,32500000,23100
1400,2017,80-89,186000,36000000,25500
1400,2017,90-99,200000,37800000,27375
1400,2017,100-109,205210,40000000,30450
1400,2017,110-150,220000,44000000,33750
1400,2018,50-59,170000,28100000,21750
1400,2018,60-69,180000,32000000,24150
1400,2018,70-79,200000,36500000,29050
1400,2018,80-89,203500,37500000,29900
1400,2018,90-99,215000,38700000,31925
1400,2018,100-109,230000,41950000,35100
1400,2018,110-150,235000,45950000,38900
1400,2019,50-59,167500,29600000,24250
1400,2019,60-69,191250,33500000,28300
1400,2019,70-79,200000,36000000,31350
1400,2019,80-89,220000,38000000,32950
1400,2019,90-99,225000,39250000,35000
1400,2019,100-109,240000,41000000,38200
1400,2019,110-150,245000,47500000,42700
1400,2020,50-59,175000,32500000,26950
1400,2020,60-69,190000,36000000,30200
1400,2020,70-79,210000,38200000,34700
1400,2020,80-89,220000,42000000,36800
1400,2020,90-99,220000,43050000,37925
1400,2020,100-109,235000,45000000,42900
1400,2020,110-150,250000,49450000,45800
1400,2021,50-59,180000,35900000,28600
1400,2021,60-69,195000,40100000,31750
1400,2021,70-79,212500,44000000,36300
1400,2021,80-89,225000,47900000,37550
1400,2021,90-99,235000,52000000,41400
1400,2021,100-109,239000,52500000,43200
1400,2021,110-150,257500,59900000,47750
1400,2022,50-59,148018,40900000,30000
1400,2022,60-69,148018,47500000,34650
1400,2022,70-79,220000,47000000,36775
1400,2022,80-89,235000,52750000,41825
1400,2022,90-99,245000,57750000,43000
1400,2022,100-109,253500,57450000,45675
1400,2022,110-150,275000,67000000,50950
1604,2011,60-69,95000,16500000,13300
1604,2011,70-79,110092,18250000,15350
1604,2011,80-89,117775,20400000,16400
1604,2011,90-99,132000,21450000,18725
1604,2011,100-109,122500,22000000,18050
1604,2011,110-150,156841.5,25600000,21300
1604,2012,60-69,100000,17700000,14550
1604,2012,70-79,130000,21100000,17325
1604,2012,80-89,141000,21250000,17800
1604,2012,90-99,140000,24450000,19800
1604,2012,100-109,150000,23700000,22350
1604,2012,110-150,155000,27500000,22750
1604,2013,50-59,95500,15400000,13100
1604,2013,60-69,90000,19800000,16350
1604,2013,80-89,140000,22850000,19500
1604,2013,90-99,140000,25500000,22500
1604,2013,100-109,166400,28750000,24775
1604,2013,110-150,167346.5,29000000,25250
1604,2014,60-69,110000,22900000,17650
1604,2014,70-79,101330,24600000,17300
1604,2014,80-89,139107,25900000,21200
1604,2014,90-99,156500,27600000,23350
1604,2014,100-109,160000,29700000,24025
1604,2014,110-150,183745,33000000,27800
1604,2015,50-59,107500,20300000,16150
1604,2015,60-69,120000,23650000,18800
1604,2015,70-79,104000,27470000,22500
1604,2015,80-89,170000,27700000,22550
1604,2015,90-99,170001,29500000,25300
1604,2015,100-109,180000,35300000,29050
1604,2015,110-150,195500,35350000,29725
1604,2016,60-69,157500,27000000,21300
1604,2016,80-89,155000,31900000,25900
1604,2016,90-99,185000,34500000,27200
1604,2016,100-109,215000,35500000,27775
1604,2016,110-150,188605,39500000,32650
1604,2017,60-69,170000,32500000,11650
1604,2017,70-79,190000,33200000,17350
1604,2017,80-89,215000,36300000,2790
1604,2017,90-99,230000,41000000,30300
1604,2017,100-109,240000,42550000,27500
1604,2017,110-150,245000,44900000,32850
1604,2018,50-59,165000,32500000,25500
1604,2018,60-69,184000,35700000,17750
1604,2018,70-79,139935,33500000,30400
1604,2018,80-89,227000,40800000,34200
1604,2018,90-99,240000,43600000,36000
1604,2018,100-109,245000,45900000,38025
1604,2018,110-150,255000,49900000,41750
1604,2019,50-59,178000,29900000,22450
1604,2019,60-69,197000,38500000,29400
1604,2019,70-79,203500,37500000,32900
1604,2019,80-89,230000,39900000,34550
1604,2019,90-99,250000,44500000,39700
1604,2019,100-109,253130,47900000,38000
1604,2019,110-150,262000,53000000,43400
1604,2020,50-59,160000,35125000,30650
1604,2020,60-69,202000,39400000,33175
1604,2020,70-79,203000,40000000,34300
1604,2020,80-89,215000,44450000,38775
1604,2020,90-99,237000,47000000,41900
1604,2020,100-109,260000,52700000,44075
1604,2020,110-150,265000,56500000,47550
1604,2021,50-59,150000,38250000,29800
1604,2021,60-69,205000,42700000,33650
1604,2021,70-79,202500,48700000,37600
1604,2021,80-89,230000,46550000,40075
1604,2021,90-99,240000,52925000,42625
1604,2021,100-109,260000,58000000,46100
1604,2021,110-150,265693.5,62900000,48625
1604,2022,60-69,210526,47850000,37300
1604,2022,80-89,230000,58000000,44975
1604,2022,90-99,250000,63800000,47450
1604,2022,100-109,267000,66500000,47600
1604,2022,110-150,250000,71000000,56075
2000,2011,50-59,45279,9023000,7910
2000,2011,60-69,70000,10780000,9330
2000,2011,70-79,75000,13100000,10700
2000,2011,80-89,82000,13550000,11400
2000,2011,90-99,85000,16800000,15900
2000,2011,100-109,65046,17575000,13850
2000,2011,110-150,80833,18500000,17100
2000,2012,50-59,47509,10000000,7970
2000,2012,60-69,70000,11002500,9995
2000,2012,70-79,80000,11900000,11850
2000,2012,80-89,85000,14936000,13050
2000,2012,90-99,90000,16400000,15650
2000,2012,100-109,75839,17000000,16250
2000,2012,110-150,92933,18881000,18850
2000,2013,50-59,54280.5,9610000,8510
2000,2013,60-69,75000,10193000,9790
2000,2013,70-79,94750,12200000,11225
2000,2013,80-89,100000,15115000,12300
2000,2013,90-99,100000,18550000,15900
2000,2013,100-109,83120,16657000,15725
2000,2013,110-150,105682,19500000,17250
2000,2014,50-59,55631,7300000,7970
2000,2014,60-69,78287.5,11010000,10400
2000,2014,70-79,90000,14274000,11800
2000,2014,80-89,100000,14900000,12500
2000,2014,90-99,105000,19634500,15400
2000,2014,100-109,89155,19903000,16425
2000,2014,110-150,109985,20884000,17200
2000,2015,50-59,59086,8450000,8460
2000,2015,60-69,90000,11350000,10125
2000,2015,70-79,112000,14750000,11975
2000,2015,80-89,128700,13900000,13100
2000,2015,90-99,125000,20000000,15950
2000,2015,100-109,103293,20419000,17150
2000,2015,110-150,120057,21175000,18025
2000,2016,50-59,73463,12374500,9184
2000,2016,60-69,105000,13800000,10600
2000,2016,70-79,120000,16200000,11900
2000,2016,80-89,130000,17133500,13100
2000,2016,90-99,134000,24100000,16750
2000,2016,100-109,114915,22500000,17500
2000,2016,110-150,130765,24600000,17850
2000,2017,50-59,90000,16000000,9410
2000,2017,60-69,125000,19000000,11250
2000,2017,70-79,140000,22700000,13100
2000,2017,80-89,155250,24030000,13800
2000,2017,90-99,153500,24900000,14000
2000,2017,100-109,138000,27500000,17250
2000,2017,110-150,160000,31225000,19725
2000,2018,50-59,140000,18150000,11350
2000,2018,60-69,145000,21500000,14850
2000,2018,70-79,165000,23000000,15500
2000,2018,80-89,177000,26200000,19150
2000,2018,90-99,178500,26400000,15200
2000,2018,100-109,160000,30690000,20725
2000,2018,110-150,178750,30900000,21950
2000,2019,50-59,150000,18500000,15900
2000,2019,60-69,150048.5,19700000,19600
2000,2019,70-79,168000,28350000,24675
2000,2019,80-89,185000,29850000,25900
2000,2019,90-99,190000,30000000,26250
2000,2019,100-109,170000,33750000,35425
2000,2019,110-150,191000,34000000,32150
2000,2020,50-59,145000,17950000,15575
2000,2020,60-69,150000,23500000,22300
2000,2020,70-79,175000,29900000,25550
2000,2020,80-89,190000,28500000,28650
2000,2020,90-99,190000,29000000,27450
2000,2020,100-109,175000,39250000,41550
2000,2020,110-150,195000,37000000,37300
2000,2021,50-59,150000,21500000,14275
2000,2021,60-69,160000,26000000,21100
2000,2021,70-79,178000,32900000,21525
2000,2021,80-89,190000,35750000,23825
2000,2021,90-99,190000,31000000,27900
2000,2021,100-109,175000,39500000,33250
2000,2021,110-150,195000,39000000,35200
2000,2022,50-59,162500,26000000,17550
2000,2022,60-69,166500,32000000,21350
2000,2022,70-79,188500,34500000,25575
2000,2022,80-89,195000,40600000,31475
2000,2022,90-99,195000,35750000,26325
2000,2022,100-109,177000,43700000,35550
2000,2022,110-150,207500,48500000,39050
2300,2012,60-69,70000,10000000,9300
2300,2012,100-109,113000,19700000,18500
2300,2013,80-89,100000,9000000,13550
2300,2014,80-89,110000,17000000,14750
2300,2014,90-99,120000,18700000,17000
2300,2014,100-109,125000,24300000,20250
2300,2014,110-150,130000,12500000,14750
2300,2015,50-59,85000,11000000,9010
2300,2015,60-69,90000,15500000,9010
2300,2015,80-89,127000,16800000,14225
2300,2015,90-99,120000,21706000,17150
2300,2015,100-109,116500,29300000,20175
2300,2015,110-150,140000,18350000,15575
2300,2016,50-59,94000,11000000,8500
2300,2016,80-89,129000,19500000,15150
2300,2016,90-99,139000,22500000,16300
2300,2016,100-109,140000,21000000,17700
2300,2016,110-150,165000,24250000,19950
2300,2017,50-59,95216,16900000,8730
2300,2017,80-89,155000,24600000,17325
2300,2017,90-99,155000,28000000,18550
2300,2017,100-109,120000,30000000,18300
2300,2017,110-150,157500,33000000,21500
2300,2018,50-59,125000,23000000,10900
2300,2018,80-89,158000,24000000,14850
2300,2018,90-99,168000,27200000,21450
2300,2018,110-150,150000,33500000,26450
2300,2019,70-79,130000,14700000,15300
2300,2019,80-89,167427.5,27900000,22950
2300,2019,90-99,167000,31000000,25950
2300,2019,100-109,190000,31200000,27150
2300,2019,110-150,184750,37300000,30600
2300,2020,50-59,108283,19000000,14850
2300,2020,80-89,180000,30000000,19550
2300,2020,90-99,183000,32900000,29400
2300,2020,100-109,180000,36000000,33850
2300,2020,110-150,200000,33100000,29100
2300,2021,80-89,180000,35250000,22100
2300,2021,90-99,185000,33000000,30000
2300,2021,110-150,215000,42000000,36150
2300,2022,60-69,180000,36900000,12750
2300,2022,70-79,182500,34750000,13425
2300,2022,80-89,185000,39600000,14900
2300,2022,90-99,205000,42500000,32350
2506,2011,60-69,75000,12196000,9130
2506,2012,70-79,85000,17698000,15450
2506,2015,90-99,159520,19200000,18600
2506,2016,50-59,87000,15600000,7090
2506,2016,70-79,124800,16250000,12325
2506,2016,90-99,150640,21500000,17700
2506,2017,60-69,122500,22200000,13900
2506,2017,70-79,135000,23400000,15600
2506,2017,80-89,200000,18500000,12350
2506,2017,90-99,170000,29500000,19225
2506,2018,60-69,127000,17800000,17550
2506,2018,70-79,150000,26500000,19450
2506,2018,100-109,120000,10000000,14050
2506,2019,70-79,180000,24000000,25000
2506,2019,90-99,170000,28750000,30500
2506,2020,70-79,170000,31500000,26700
2506,2020,90-99,190000,38500000,34300
2506,2021,70-79,170000,31900000,19200
2506,2021,90-99,170000,33040000,17800
2506,2021,110-150,140000,41787500,15275
2506,2022,60-69,150000,32000000,26250
2506,2022,70-79,190000,38950000,27200
2510,2011,70-79,61000,12700000,10600
2510,2013,90-99,85000,11726000,9930
2510,2013,100-109,85000,14955000,12150
2510,2014,70-79,69000,7800000,9310
2510,2015,70-79,85000,9700000,8350
2510,2015,90-99,90000,14200000,12700
2510,2016,70-79,115425,11500000,9510
2510,2016,80-89,130050,14550000,9840
2510,2016,90-99,135000,16800000,11250
2510,2016,110-150,135000,15750000,13650
2510,2017,50-59,125000,14200000,7015
2510,2017,80-89,150000,21000000,9980
2510,2017,90-99,147000,18100000,13210
2510,2017,100-109,140000,23000000,11700
2510,2017,110-150,152500,19000000,12300
2510,2018,80-89,170000,22000000,11100
2510,2018,90-99,140000,20750000,13105
2510,2018,100-109,160000,19750000,15725
2510,2018,110-150,195000,20500000,13650
2510,2019,70-79,160000,21450000,18925
2510,2019,80-89,170000,17500000,13950
2510,2019,90-99,147000,24000000,16950
2510,2019,100-109,172500,25000000,19650
2510,2019,110-150,140000,28000000,18450
2510,2020,80-89,170000,23450000,20500
2510,2020,90-99,147500,23900000,25150
2510,2020,100-109,190000,21500000,24500
2510,2020,110-150,206250,29650000,24275
2510,2021,70-79,155000,23500000,17950
2510,2021,80-89,176000,26000000,21450
2510,2021,90-99,150500,29000000,20050
2510,2021,100-109,190000,22500000,25300
2510,2021,110-150,205000,26450000,25000
2510,2022,70-79,163000,26500000,19850
3000,2011,50-59,75000,13629000,12150
3000,2011,60-69,80000,14722000,13400
3000,2011,70-79,75000,13500000,11750
3000,2011,80-89,98000,17300000,15650
3000,2011,90-99,95000,18361000,17100
3000,2011,100-109,98000,18000000,13250
3000,2011,110-150,112500,15542000,14525
3000,2012,70-79,90000,12057000,12350
3000,2012,80-89,95000,7290000,11275
3000,2012,90-99,95000,14137000,13100
3000,2012,100-109,107500,22600000,18900
3000,2012,110-150,118152,18195000,16600
3000,2013,50-59,79000,10000000,9030
3000,2013,60-69,85000,12144500,11625
3000,2013,70-79,100000,15700000,15050
3000,2013,80-89,100000,17490000,11950
3000,2013,90-99,100000,18646500,16900
3000,2013,100-109,107500,21750000,18525
3000,2013,110-150,120000,19000000,16900
3000,2014,50-59,87500,11484500,8515
3000,2014,60-69,93701,11450000,11490
3000,2014,70-79,95000,13000000,11550
3000,2014,80-89,105000,18250000,15500
3000,2014,90-99,110000,15300000,13550
3000,2014,100-109,120000,20525000,17025
3000,2014,110-150,125000,19000000,17500
3000,2015,50-59,88750,11100000,9530
3000,2015,60-69,95000,16200000,9690
3000,2015,70-79,110000,20200000,12650
3000,2015,80-89,108000,22500000,13100
3000,2015,90-99,120000,18500000,14250
3000,2015,100-109,118500,25500000,19400
3000,2015,110-150,140000,20000000,16700
3000,2016,50-59,94000,11705000,9380
3000,2016,60-69,105000,17075000,11200
3000,2016,70-79,110000,21627000,12100
3000,2016,80-89,125000,15800000,13350
3000,2016,90-99,136750,20500000,14400
3000,2016,100-109,129000,22950000,17175
3000,2016,110-150,155500,23900000,17700
3000,2017,50-59,105718,16700000,10400
3000,2017,60-69,120000,18500000,11250
3000,2017,70-79,130000,24200000,12225
3000,2017,80-89,145000,23450000,13625
3000,2017,90-99,149500,28225000,15675
3000,2017,100-109,147500,26000000,14725
3000,2017,110-150,173000,25125000,17200
3000,2018,50-59,100000,19700000,12575
3000,2018,60-69,127500,21000000,14100
3000,2018,70-79,145000,24550000,16400
3000,2018,80-89,160000,24250000,15650
3000,2018,90-99,163000,32000000,19000
3000,2018,100-109,167500,33900000,19350
3000,2018,110-150,190000,32700000,22925
3000,2019,50-59,99000,21250000,15825
3000,2019,60-69,140000,24500000,18800
3000,2019,70-79,134500,28500000,18900
3000,2019,80-89,170657.5,29500000,20900
3000,2019,90-99,150000,34050000,29550
3000,2019,100-109,181500,33500000,24700
3000,2019,110-150,199750,38500000,26400
3000,2020,50-59,117729,20900000,20450
3000,2020,60-69,146000,25000000,24500
3000,2020,70-79,160000,31100000,28050
3000,2020,80-89,172500,31000000,27950
3000,2020,90-99,172000,33900000,29725
3000,2020,100-109,170000,40500000,32050
3000,2020,110-150,190000,38000000,36650
3000,2021,50-59,127500,29900000,22125
3000,2021,60-69,146000,30500000,21750
3000,2021,70-79,165000,35700000,21525
3000,2021,80-89,180000,43250000,24350
3000,2021,90-99,180000,37450000,32075
3000,2021,100-109,180000,38000000,33200
3000,2021,110-150,184000,44950000,39450
3000,2022,50-59,108500,29950000,21200
3000,2022,60-69,150000,31968500,16500
3000,2022,70-79,159585.5,41700000,25350
3000,2022,80-89,190000,46900000,35700
3000,2022,90-99,175000,47200000,30350
3000,2022,100-109,225000,38500000,31800
3000,2022,110-150,187500,45000000,35700
3609,2011,110-150,85000,17000000,13800
3609,2012,70-79,93000,14000000,10950
3609,2012,80-89,87500,18600000,13000
3609,2012,90-99,75000,18350000,12365
3609,2013,50-59,68220,10000000,8650
3609,2013,80-89,85000,14026000,12375
3609,2013,100-109,100000,10000000,13150
3609,2013,110-150,110000,18550000,16150
3609,2014,60-69,59059,15000000,10250
3609,2014,70-79,94984,15450000,15325
3609,2014,80-89,93169.5,21450000,13775
3609,2014,90-99,100000,9730000,12775
3609,2014,100-109,100000,18100000,13800
3609,2014,110-150,105000,14000000,12550
3609,2015,50-59,79766,7805000,8440
3609,2015,60-69,57074,8000000,8530
3609,2015,70-79,95738,14000000,11050
3609,2015,80-89,105000,18500000,14100
3609,2015,90-99,100000,13600000,13900
3609,2015,100-109,115000,19639000,18450
3609,2015,110-150,120000,20900000,15800
3609,2016,50-59,77973,12327500,8730
3609,2016,70-79,98221.5,18100000,15050
3609,2016,80-89,105372,11600000,11450
3609,2016,90-99,48747,21100000,18175
3609,2016,100-109,140000,27400000,16950
3609,2016,110-150,160000,20000000,16000
3609,2017,60-69,102437,5350000,7970
3609,2017,70-79,102500,18500000,10950
3609,2017,80-89,142666.5,20950000,13005
3609,2017,90-99,98887.5,23150000,16850
3609,2017,100-109,136750,28500000,19800
3609,2017,110-150,170000,25000000,15750
3609,2018,50-59,100000,11500000,9780
3609,2018,60-69,121523.5,13800000,10000
3609,2018,70-79,130000,18500000,11925
3609,2018,80-89,153000,20925000,12950
3609,2018,90-99,165000,21000000,14750
3609,2018,100-109,131936,16425000,14375
3609,2018,110-150,185000,30500000,17400
3609,2019,50-59,105886,24684000,13800
3609,2019,60-69,125711,16600000,12750
3609,2019,70-79,120000,22500000,18500
3609,2019,80-89,161500,22500000,16950
3609,2019,90-99,155000,28500000,22550
3609,2019,100-109,110000,25500000,22900
3609,2019,110-150,184500,18500000,16350
3609,2020,50-59,120000,15500000,11550
3609,2020,60-69,136637,17500000,17000
3609,2020,70-79,115000,18000000,17150
3609,2020,80-89,160000,24400000,24500
3609,2020,90-99,160000,28900000,26900
3609,2020,100-109,138250,27750000,26800
3609,2020,110-150,191250,31500000,24200
3609,2021,50-59,116000,15900000,14100
3609,2021,60-69,122248.5,15900000,14250
3609,2021,70-79,90000,23000000,19850
3609,2021,80-89,120000,30000000,21150
3609,2021,90-99,172850,27750000,22200
3609,2021,100-109,160000,29500000,24900
3609,2021,110-150,195000,33000000,26275
3609,2022,60-69,148800,22950000,15975
3609,2022,80-89,180000,41000000,26500
3609,2022,100-109,195000,41500000,31600
3609,2022,110-150,209000,47100000,32925
3709,2012,80-89,85000,16322000,14350
3709,2013,80-89,95000,18250000,15350
3709,2013,110-150,110000,26300000,21600
3709,2014,110-150,110000,30000000,14830
3709,2015,80-89,65000,18250000,14550
3709,2018,70-79,120000,19000000,13775
3709,2018,110-150,163887,23500000,16700
3709,2019,80-89,140935,18400000,18850
3709,2021,70-79,122500,18500000,14000
3709,2021,80-89,141500,20850000,19450
3709,2022,60-69,130000,20000000,14150
3709,2022,70-79,130000,19000000,14400
3711,2012,90-99,100000,14000000,11250
3711,2015,90-99,100000,17700000,12050
3711,2017,70-79,110000,15500000,13250
3711,2017,80-89,145000,26200000,15650
3711,2018,80-89,150000,28300000,23850
3711,2019,80-89,150000,23250000,20400
3711,2020,80-89,161500,28600000,29175
3711,2021,80-89,153500,30600000,28050
3711,2021,110-150,164100,23750000,22900
3714,2012,90-99,100000,11600000,10050
3714,2017,50-59,75000,7200000,6280
3714,2021,50-59,85000,6500000,8160
3714,2021,60-69,76359,7500000,10850
3714,2021,70-79,95000,7500000,10050
3714,2021,110-150,90000,13925000,16175
4100,2013,80-89,70000,6400000,6150
4100,2013,100-109,70000,28000000,9905
4100,2016,100-109,90000,7250000,7370
4100,2018,80-89,98000,8000000,6780
4100,2019,100-109,110000,14650000,9200
4100,2020,50-59,98000,7000000,5330
4100,2020,100-109,120000,13000000,8970
4100,2021,50-59,106000,13880000,7070
4100,2021,100-109,132500,13000000,9970
4200,2011,50-59,62500,8600000,5870
4200,2011,60-69,60000,9200000,6480
4200,2011,90-99,76180.5,11154000,9010
4200,2011,100-109,90000,11496000,8340
4200,2012,50-59,45000,8000000,5740
4200,2012,60-69,57500,7200000,5950
4200,2012,70-79,69198,10000000,7190
4200,2012,80-89,70000,7175000,5215
4200,2012,90-99,83889.5,7400000,5940
4200,2012,110-150,90000,15784000,14000
4200,2013,50-59,65000,5500000,6080
4200,2013,60-69,70000,10550000,7970
4200,2013,70-79,92500,8000000,6460
4200,2013,80-89,85000,10500000,8880
4200,2013,90-99,85000,9447000,10625
4200,2013,100-109,87500,11700000,11175
4200,2013,110-150,94593,12945000,11650
4200,2014,60-69,90000,8000000,7560
4200,2014,70-79,81000,9325000,9840
4200,2014,90-99,94816.5,11800000,12075
4200,2014,100-109,104900,13450000,12250
4200,2014,110-150,102500,11750000,12325
4200,2015,60-69,60000,8475000,6800
4200,2015,70-79,85000,11000000,8480
4200,2015,80-89,73750,6900000,7950
4200,2015,90-99,94952,16000000,11750
4200,2015,100-109,97500,12500000,11500
4200,2015,110-150,100000,15500000,13800
4200,2016,50-59,75562,7500000,8180
4200,2016,60-69,60000,13500000,9450
4200,2016,80-89,81460,12000000,9780
4200,2016,90-99,123000,13000000,10900
4200,2016,100-109,110000,10400000,9490
4200,2016,110-150,125500,12500000,11200
4200,2017,50-59,95387.5,12700000,8660
4200,2017,60-69,113600,9750000,7025
4200,2017,70-79,90000,5050000,7045
4200,2017,80-89,79195,10700000,7750
4200,2017,90-99,118300,9400000,9550
4200,2017,100-109,126437.5,13500000,9980
4200,2017,110-150,135000,15950000,12150
4200,2018,60-69,105000,15000000,7990
4200,2018,70-79,105000,16250000,9615
4200,2018,80-89,136000,13500000,9630
4200,2018,90-99,135000,14000000,11400
4200,2018,100-109,100000,21950000,12175
4200,2018,110-150,145000,15750000,12225
4200,2019,50-59,85982,12500000,7940
4200,2019,60-69,150000,22000000,14850
4200,2019,70-79,126000,20000000,11525
4200,2019,80-89,139604,18750000,9705
4200,2019,90-99,132500,25500000,14100
4200,2019,100-109,122500,24000000,14250
4200,2019,110-150,147250,27450000,15200
4200,2020,50-59,115000,21500000,14825
4200,2020,60-69,95000,20400000,15300
4200,2020,70-79,130000,24000000,16250
4200,2020,80-89,142538.5,18000000,10050
4200,2020,90-99,130000,20000000,17000
4200,2020,100-109,165000,23000000,17175
4200,2020,110-150,149246.5,28000000,16800
4200,2021,50-59,150000,21900000,12400
4200,2021,60-69,125000,16500000,13800
4200,2021,70-79,140000,24000000,16175
4200,2021,80-89,130000,21250000,17475
4200,2021,90-99,140000,20300000,15390
4200,2021,100-109,167500,30200000,22775
4200,2021,110-150,140000,28500000,20175
4200,2022,60-69,115000,25500000,21750
4200,2022,70-79,122000,25800000,19050
4200,2022,80-89,158876,26700000,22650
4200,2022,110-150,190000,25500000,27975
4604,2013,90-99,50000,5750000,5250
4604,2019,60-69,110000,5100000,4880
4604,2021,90-99,130000,13600000,8710
4607,2012,90-99,62000,4000000,4160
4607,2013,80-89,60000,3250000,4250
4607,2013,100-109,70000,4700000,5040
4607,2014,80-89,60000,3900000,4750
4607,2014,90-99,70000,5615000,4720
4607,2015,80-89,70000,7500000,6040
4607,2015,90-99,85000,7150000,4735
4607,2016,70-79,65700,5650000,4630
4607,2016,90-99,64000,10000000,6030
4607,2018,60-69,59588,6000000,6520
4607,2018,70-79,75000,7000000,6210
4607,2018,90-99,120000,12550000,8435
4607,2018,100-109,90000,11400000,8575
4607,2019,70-79,80000,11200000,8090
4607,2019,90-99,90000,10500000,9440
4607,2020,60-69,82000,7000000,8510
4607,2020,80-89,110000,8000000,10700
4607,2020,110-150,95000,9000000,12650
4607,2021,60-69,125000,16150000,8810
4607,2021,70-79,115000,6250000,9150
4607,2021,80-89,160000,19500000,11050
5200,2011,60-69,65000,7300000,6720
5200,2011,70-79,90000,6910000,7480
5200,2011,80-89,85000,11700000,8170
5200,2012,60-69,47564,8400000,6960
5200,2012,70-79,60000,11500000,8920
5200,2012,80-89,87500,11899000,10410
5200,2013,50-59,79057,4989000,6490
5200,2013,60-69,50817,10000000,8020
5200,2013,70-79,95000,12150000,11400
5200,2013,80-89,95000,11500000,10150
5200,2013,100-109,129268,17500000,16400
5200,2013,110-150,120000,16250000,13700
5200,2014,50-59,90000,7000000,7130
5200,2014,60-69,52013,7400000,8160
5200,2014,70-79,107970,9500000,8420
5200,2014,80-89,117500,13900000,11100
5200,2014,110-150,95000,14700000,11050
5200,2015,50-59,75000,11300000,6770
5200,2015,70-79,109012,13500000,11000
5200,2015,80-89,110000,13000000,10275
5200,2015,100-109,139919,6200000,9430
5200,2015,110-150,95000,16936500,15025
5200,2016,50-59,85536,10500000,7380
5200,2016,70-79,80000,14000000,9830
5200,2016,80-89,115000,14500000,11700
5200,2016,90-99,86033.5,14500000,11550
5200,2016,100-109,145000,15000000,17600
5200,2017,50-59,87241,11650000,7985
5200,2017,60-69,102500,11000000,10020
5200,2017,80-89,115000,14500000,12275
5200,2017,90-99,120000,14225000,12100
5200,2017,100-109,152500,18350000,14325
5200,2017,110-150,130000,22250000,18100
5200,2018,70-79,90000,12000000,9960
5200,2018,80-89,125000,18000000,13350
5200,2018,100-109,157500,19500000,15150
5200,2018,110-150,170000,24000000,16950
5200,2019,70-79,135000,15000000,13300
5200,2019,80-89,140000,18900000,15275
5200,2019,90-99,132500,14000000,11925
5200,2019,110-150,175000,23250000,18975
5200,2020,50-59,84182,12000000,9640
5200,2020,60-69,131500,15650000,13425
5200,2020,70-79,180000,19000000,16950
5200,2020,80-89,139260,20500000,18500
5200,2020,90-99,157905,17000000,20300
5200,2020,100-109,170000,24000000,24100
5200,2020,110-150,160000,22250000,23825
5200,2021,50-59,97488.5,15000000,11700
5200,2021,60-69,125000,16850000,15475
5200,2021,70-79,90000,24000000,17100
5200,2021,80-89,151920,19500000,18600
5200,2021,90-99,160000,23500000,19925
5200,2021,100-109,165000,32300000,29650
5200,2021,110-150,180000,28000000,23400
5200,2022,60-69,125000,20250000,15150
5200,2022,70-79,145000,29500000,18000
5200,2022,100-109,174588,19500000,21850
5604,2011,110-150,50000,9209000,6760
5604,2015,60-69,58883.5,10000000,7410
5604,2016,60-69,70000,10000000,7490
5604,2016,80-89,40000,12250000,9770
5604,2019,90-99,105974,10500000,11100
5604,2021,110-150,147229,10300000,12700
5604,2022,110-150,161250,14450000,13400
6000,2011,50-59,74101,9100000,8850
6000,2011,60-69,85000,12400000,10200
6000,2011,70-79,91987,12300000,11100
6000,2011,80-89,100000,14716000,11600
6000,2011,90-99,110000,17200000,12900
6000,2011,100-109,110000,16100000,13300
6000,2011,110-150,120000,21000000,15450
6000,2012,50-59,78855,10100000,9445
6000,2012,60-69,84697,12900000,11100
6000,2012,70-79,99024,15600000,12050
6000,2012,80-89,100000,19300000,12800
6000,2012,90-99,110000,20489000,14850
6000,2012,100-109,110000,21040000,16000
6000,2012,110-150,115000,20888000,15800
6000,2013,50-59,81687.5,10290000,8700
6000,2013,60-69,90000,11976000,10450
6000,2013,70-79,102308,14454000,12800
6000,2013,80-89,117500,15016000,14025
6000,2013,90-99,120000,18219500,14700
6000,2013,100-109,120000,22170000,14700
6000,2013,110-150,130000,19600000,17900
6000,2014,50-59,85536,12050000,9605
6000,2014,60-69,100000,13600000,11550
6000,2014,70-79,106891,16000000,12800
6000,2014,80-89,120000,17100000,14275
6000,2014,90-99,130000,24100000,15150
6000,2014,100-109,138931.5,25000000,16000
6000,2014,110-150,138500,22300000,18150
6000,2015,50-59,95000,13350000,9745
6000,2015,60-69,100000,15000000,11500
6000,2015,70-79,111100,17450000,13650
6000,2015,80-89,130000,21300000,15850
6000,2015,90-99,140000,21850000,16350
6000,2015,100-109,150000,26050000,16525
6000,2015,110-150,150000,28000000,20600
6000,2016,50-59,95500,15450000,11425
6000,2016,60-69,114782,19850000,12075
6000,2016,70-79,116424,22400000,14575
6000,2016,80-89,138880,20750000,15775
6000,2016,90-99,151210.5,24000000,17550
6000,2016,100-109,157000,28750000,18250
6000,2016,110-150,150000,26500000,21650
6000,2017,50-59,115000,20250000,11550
6000,2017,60-69,133000,20900000,14100
6000,2017,70-79,135000,24500000,16800
6000,2017,80-89,155000,25800000,16975
6000,2017,90-99,169750,30200000,19450
6000,2017,100-109,158500,33400000,20500
6000,2017,110-150,160000,30875000,23450
6000,2018,50-59,120000,20400000,13400
6000,2018,60-69,142250,24050000,16900
6000,2018,70-79,154000,29900000,17750
6000,2018,80-89,170000,27000000,19900
6000,2018,90-99,180000,32900000,21900
6000,2018,100-109,174000,33200000,22800
6000,2018,110-150,180000,32500000,25950
6000,2019,50-59,130000,21000000,16275
6000,2019,60-69,150000,25550000,20300
6000,2019,70-79,160000,28200000,23200
6000,2019,80-89,165000,28000000,24850
6000,2019,90-99,180000,34535000,30775
6000,2019,100-109,181500,35500000,27300
6000,2019,110-150,190000,37350000,33900
6000,2020,50-59,130000,22900000,18700
6000,2020,60-69,150000,28800000,24050
6000,2020,70-79,159500,29900000,25750
6000,2020,80-89,170000,32300000,27075
6000,2020,90-99,175000,36000000,35425
6000,2020,100-109,180000,42300000,31500
6000,2020,110-150,187500,38000000,34550
6000,2021,50-59,132500,24000000,17900
6000,2021,60-69,145500,29375000,21800
6000,2021,70-79,163000,33650000,23750
6000,2021,80-89,173000,33950000,26025
6000,2021,90-99,180000,37150000,28725
6000,2021,100-109,190000,43400000,29450
6000,2021,110-150,185000,39100000,32800
6000,2022,50-59,134129,26550000,20875
6000,2022,60-69,156000,35750000,26950
6000,2022,70-79,167500,37600000,25575
6000,2022,80-89,177500,37450000,27000
6000,2022,90-99,180000,46000000,35625
6000,2022,100-109,180000,45100000,31950
6000,2022,110-150,150000,42000000,33900
6100,2011,60-69,42268,6000000,6400
6100,2011,80-89,81950,11800000,8910
6100,2011,100-109,65000,5800000,8230
6100,2012,80-89,70000,9500000,8400
6100,2012,110-150,72500,14500000,11850
6100,2013,70-79,75000,8000000,7810
6100,2013,80-89,82500,11200000,10100
6100,2013,110-150,75000,13625000,12425
6100,2014,70-79,80000,8000000,8490
6100,2014,80-89,82500,8450000,9950
6100,2014,110-150,90000,10500000,9990
6100,2015,50-59,60000,6750000,6130
6100,2015,70-79,95000,8850000,7780
6100,2015,80-89,90000,10718000,11350
6100,2015,90-99,120000,13200000,10325
6100,2015,110-150,115000,14900000,13100
6100,2016,70-79,127500,13000000,9095
6100,2016,90-99,144439,14500000,10700
6100,2016,100-109,163971,16000000,12175
6100,2016,110-150,130000,25750000,14800
6100,2017,60-69,65000,13950000,9290
6100,2017,70-79,125000,18500000,9910
6100,2017,80-89,125495.5,21500000,12800
6100,2017,90-99,135000,17600000,11450
6100,2017,110-150,165000,22950000,14100
6100,2018,60-69,100000,15925000,12250
6100,2018,70-79,145000,19000000,14700
6100,2018,100-109,170000,26000000,19450
6100,2018,110-150,153000,27500000,21350
6100,2019,50-59,130000,15135000,14600
6100,2019,60-69,100000,18050000,16300
6100,2019,70-79,125000,18300000,18100
6100,2019,90-99,150000,23000000,19600
6100,2019,110-150,145000,44810000,2680
6100,2020,50-59,130000,16750000,13350
6100,2020,70-79,125000,20000000,18850
6100,2020,80-89,175000,35200000,12350
6100,2020,90-99,180000,40840000,14100
6100,2020,100-109,180000,35125000,30125
6100,2021,60-69,102500,23500000,14800
6100,2021,70-79,150000,20000000,18200
6100,2021,80-89,160000,26600000,21775
6100,2021,90-99,150000,26750000,19650
6100,2021,110-150,170000,29000000,26650
6100,2022,50-59,115000,17000000,17350
6100,2022,90-99,158000,29900000,23700
6250,2011,50-59,55000,3000000,2495
6250,2011,80-89,25000,6283000,3330
6250,2011,100-109,60000,7200000,4410
6250,2011,110-150,73500,8450000,5885
6250,2012,60-69,50000,3500000,3660
6250,2012,70-79,42500,5300000,4080
6250,2012,80-89,70000,6500000,5450
6250,2012,100-109,57500,6000000,5590
6250,2012,110-150,75000,7000000,6120
6250,2013,50-59,95000,2500000,3330
6250,2013,60-69,70000,2000000,4760
6250,2013,70-79,50000,7000000,4450
6250,2013,100-109,66500,9500000,6880
6250,2013,110-150,100000,7415000,7175
6250,2014,50-59,70000,3000000,3700
6250,2014,60-69,85000,2400000,3730
6250,2014,70-79,70000,8250000,5200
6250,2014,80-89,70000,7125000,5490
6250,2014,110-150,80000,10450000,8495
6250,2015,50-59,50000,6000000,5080
6250,2015,60-69,60000,3000000,5240
6250,2015,70-79,60000,8000000,6110
6250,2015,80-89,70000,6084000,6010
6250,2015,110-150,103500,6500000,6490
6250,2016,50-59,80000,5900000,4935
6250,2016,80-89,81023.5,7200000,6490
6250,2016,90-99,94000,10000000,7840
6250,2016,100-109,80000,6500000,8930
6250,2016,110-150,100000,15250000,11225
6250,2017,50-59,80807,6450000,5365
6250,2017,60-69,65000,7100000,6280
6250,2017,70-79,70000,11500000,7450
6250,2017,80-89,95007.5,10000000,7450
6250,2017,110-150,100000,15000000,11150
6250,2018,50-59,80000,6750000,6635
6250,2018,60-69,85500,7750000,7395
6250,2018,70-79,90000,10150000,7825
6250,2018,80-89,91250,12895000,8420
6250,2018,100-109,110000,10000000,10750
6250,2018,110-150,110000,13000000,13250
6250,2019,60-69,95000,9500000,7200
6250,2019,70-79,100000,9675000,8125
6250,2019,80-89,110000,24850000,15450
6250,2019,100-109,100473.5,16000000,15950
6250,2019,110-150,120000,15000000,12100
6250,2020,50-59,84000,7500000,9300
6250,2020,60-69,93494,13250000,13520
6250,2020,70-79,105000,10100000,9140
6250,2020,80-89,98750,12500000,11650
6250,2020,90-99,100000,15375000,14500
6250,2020,100-109,105000,23600000,20400
6250,2020,110-150,100000,19500000,19900
6250,2021,70-79,86000,9700000,9890
6250,2021,80-89,115000,10700000,10250
6250,2021,100-109,110000,15000000,12850
6250,2021,110-150,115000,22000000,17450
6250,2022,110-150,137500,18200000,15550
6400,2012,60-69,75000,8950000,6770
6400,2012,70-79,75000,8000000,7260
6400,2012,90-99,75000,11123000,8860
6400,2013,60-69,75000,5800000,6070
6400,2013,70-79,90000,8700000,7380
6400,2013,110-150,85000,10800000,8230
6400,2014,70-79,94000,8966000,8500
6400,2014,110-150,150000,13500000,11000
6400,2015,50-59,85000,10500000,8240
6400,2015,60-69,90000,13650000,9530
6400,2015,70-79,83000,9300000,9210
6400,2015,80-89,70000,9100000,8910
6400,2015,100-109,92500,10206000,8760
6400,2016,60-69,85000,7850000,8170
6400,2016,70-79,80000,9816500,9960
6400,2016,80-89,100000,9000000,8930
6400,2016,110-150,70000,15500000,12550
6400,2017,60-69,65000,13600000,8655
6400,2017,70-79,92500,11000000,10050
6400,2017,90-99,110000,14000000,11700
6400,2017,100-109,112500,14200000,10450
6400,2017,110-150,120000,14500000,13850
6400,2018,60-69,75000,16000000,10100
6400,2018,70-79,106500,13825000,9315
6400,2018,90-99,120000,13075000,11975
6400,2018,100-109,95000,24500000,14150
6400,2019,110-150,150000,20000000,17425
6400,2020,60-69,99500,19850000,11175
6400,2020,70-79,130000,16100000,12175
6400,2020,90-99,143000,21450000,14950
6400,2020,100-109,145000,15000000,12600
6400,2021,60-69,108500,14000000,14000
6400,2021,70-79,122000,23600000,12650
6400,2021,80-89,140000,16000000,17100
6400,2021,90-99,132500,12000000,14450
6400,2021,100-109,130000,22500000,18000
6400,2022,90-99,145000,24000000,17050
6400,2022,100-109,145000,17900000,21600
6513,2013,90-99,130000,21700000,17500
6513,2015,90-99,145000,23236000,20550
6513,2019,90-99,105000,11000000,21550
6515,2020,80-89,132500,23600000,23450
6515,2021,80-89,168185,31000000,24050
6709,2016,50-59,42991,2000000,3600
6709,2020,110-150,135000,6000000,7738
7300,2011,60-69,71634.5,8100000,8990
7300,2011,70-79,75000,11500000,9900
7300,2011,90-99,80000,13300000,8300
7300,2011,110-150,100000,11725000,11675
7300,2012,60-69,60000,7500000,7280
7300,2012,90-99,90000,12900000,9050
7300,2012,100-109,92700,14500000,12500
7300,2013,70-79,80000,11500000,11100
7300,2013,80-89,75000,15600000,13925
7300,2013,90-99,95000,10139500,9735
7300,2013,100-109,101000,10952000,10900
7300,2013,110-150,124371,10498500,10625
7300,2014,60-69,72000,7575000,7400
7300,2014,80-89,90000,12000000,8520
7300,2014,90-99,95000,13870000,9700
7300,2014,100-109,100000,12043000,10350
7300,2014,110-150,130000,11200000,11250
7300,2015,60-69,70000,9250000,7930
7300,2015,70-79,80000,10775000,9610
7300,2015,80-89,115000,12250000,10820
7300,2015,90-99,127000,6500000,9240
7300,2015,100-109,80000,15000000,12250
7300,2015,110-150,110000,10350000,11600
7300,2016,50-59,75000,6600000,5950
7300,2016,60-69,110000,7100000,7410
7300,2016,80-89,117500,12500000,10600
7300,2016,90-99,125000,14500000,10400
7300,2016,100-109,110000,13500000,11000
7300,2016,110-150,107000,8250000,10110
7300,2017,50-59,90000,7600000,5880
7300,2017,60-69,90000,10500000,10250
7300,2017,70-79,115500,8500000,7155
7300,2017,90-99,136184.5,15872500,10750
7300,2017,100-109,145000,15350000,12775
7300,2017,110-150,144000,16800000,13600
7300,2018,50-59,80000,15700000,12200
7300,2018,60-69,109162,13146500,8925
7300,2018,70-79,116500,6950000,8610
7300,2018,80-89,127000,12000000,11300
7300,2018,90-99,140500,16650000,11375
7300,2018,100-109,150000,16149000,14550
7300,2018,110-150,135000,20150000,14450
7300,2019,50-59,75000,11400000,8210
7300,2019,60-69,125000,10000000,9835
7300,2019,70-79,120000,15800000,15200
7300,2019,80-89,140000,17500000,14450
7300,2019,90-99,147500,18000000,12725
7300,2019,100-109,150000,18000000,14600
7300,2019,110-150,153000,16700000,15550
7300,2020,60-69,125000,12042000,9220
7300,2020,70-79,122850,9500000,8930
7300,2020,80-89,135000,15875000,13450
7300,2020,90-99,150250,19000000,14525
7300,2020,100-109,165000,20500000,17250
7300,2020,110-150,125000,19781000,17425
7300,2021,50-59,99864.5,10850000,11300
7300,2021,60-69,136000,17500000,12950
7300,2021,70-79,130000,20200000,12925
7300,2021,80-89,134369.5,21100000,16100
7300,2021,90-99,155000,21700000,16850
7300,2021,100-109,165000,24500000,17350
7300,2021,110-150,140000,17475000,18400
7300,2022,60-69,132117,21000000,13450
7300,2022,80-89,155789,17800000,15750
7300,2022,90-99,158500,22500000,16300
7300,2022,100-109,170000,30600000,26650
7300,2022,110-150,140000,23600000,19500
7400,2011,50-59,70000,8050000,6080
7400,2011,60-69,72000,12250000,9645
7400,2011,70-79,67292,13350000,10800
7400,2011,80-89,90000,12450000,11010
7400,2011,90-99,70000,14800000,11700
7400,2012,50-59,70000,8085000,7530
7400,2012,70-79,77500,10750000,10800
7400,2012,80-89,90000,13500000,12800
7400,2012,90-99,90000,12300000,11450
7400,2012,100-109,100000,8025000,7785
7400,2012,110-150,105000,17750000,12675
7400,2013,50-59,70000,10000000,8690
7400,2013,60-69,67830,10998000,9240
7400,2013,70-79,80000,14380000,11950
7400,2013,80-89,102500,13850000,10300
7400,2013,90-99,75000,10850000,8895
7400,2014,50-59,70000,7500000,6690
7400,2014,60-69,80000,10100000,9570
7400,2014,70-79,81660,7912500,7605
7400,2014,80-89,100000,16900000,13350
7400,2014,90-99,104023,14250000,14425
7400,2014,110-150,95100,20750000,17300
7400,2015,50-59,77500,8775000,8035
7400,2015,60-69,67500,13123500,11675
7400,2015,70-79,88600,13300000,12200
7400,2015,80-89,87500,15000000,13600
7400,2015,90-99,119500,15500000,14000
7400,2015,100-109,110000,14950000,14525
7400,2015,110-150,75000,26100000,21950
7400,2016,50-59,78000,10000000,8250
7400,2016,60-69,89135,10500000,8660
7400,2016,70-79,97250,14800000,13700
7400,2016,80-89,95000,14600000,12175
7400,2016,90-99,127000,16000000,11300
7400,2016,100-109,120000,15950000,17100
7400,2016,110-150,127000,32500000,10250
7400,2017,50-59,110000,11500000,9335
7400,2017,60-69,108164.5,17500000,15700
7400,2017,70-79,114250,13875000,14700
7400,2017,80-89,105000,17263500,11975
7400,2017,90-99,140000,19500000,18050
7400,2017,100-109,145000,20700000,15100
7400,2017,110-150,131289.5,30000000,14950
7400,2018,60-69,105130,10500000,11350
7400,2018,70-79,121500,17000000,16250
7400,2018,80-89,120000,20450000,15100
7400,2018,90-99,143500,22500000,18450
7400,2018,100-109,150000,23700000,19850
7400,2018,110-150,133398,30000000,14100
7400,2019,60-69,109101.5,15000000,13700
7400,2019,70-79,95000,18250000,16500
7400,2019,80-89,150335,26000000,17900
7400,2019,90-99,150000,21500000,20750
7400,2019,100-109,160000,19500000,18150
7400,2019,110-150,100000,28000000,23500
7400,2020,50-59,112500,17400000,13650
7400,2020,60-69,121356,15750000,14050
7400,2020,70-79,150000,18250000,18650
7400,2020,80-89,150000,26000000,17275
7400,2020,90-99,157028,26000000,19200
7400,2020,100-109,190000,22850000,20650
7400,2020,110-150,100000,28000000,22800
7400,2021,50-59,110000,19500000,14150
7400,2021,60-69,123141,22000000,16550
7400,2021,70-79,150000,25500000,21500
7400,2021,80-89,167500,31600000,20975
7400,2021,90-99,100000,30200000,20600
7400,2021,100-109,130000,36800000,29200
7400,2021,110-150,100000,34500000,26250
7400,2022,80-89,90000,34000000,22600
7400,2022,90-99,197500,36700000,27000
7400,2022,110-150,190000,55000000,34450
7502,2020,70-79,90000,11000000,8890
8000,2011,60-69,72500,8700000,6610
8000,2011,70-79,78500,11800000,8000
8000,2011,80-89,80000,12100000,8420
8000,2011,90-99,80000,10000000,8510
8000,2011,100-109,120000,13900000,9505
8000,2011,110-150,105000,16625000,10700
8000,2012,60-69,100000,9400000,7460
8000,2012,70-79,100000,11700000,8620
8000,2012,80-89,92500,13300000,9570
8000,2012,90-99,105000,11900000,10050
8000,2012,100-109,135000,12250000,10750
8000,2012,110-150,117500,19000000,12515
8000,2013,50-59,95000,9000000,8480
8000,2013,60-69,100000,10000000,8870
8000,2013,80-89,120000,13500000,11450
8000,2013,90-99,102500,15000000,12000
8000,2013,100-109,120000,23300000,14000
8000,2013,110-150,115000,19550000,14700
8000,2014,50-59,86000,9500000,9410
8000,2014,60-69,92500,10800000,10000
8000,2014,70-79,115000,11400000,10300
8000,2014,80-89,115000,17350000,13600
8000,2014,90-99,112500,15350000,13175
8000,2014,100-109,140000,17000000,14550
8000,2014,110-150,110000,18000000,16050
8000,2015,50-59,86000,12000000,11050
8000,2015,60-69,110000,11500000,10825
8000,2015,70-79,130000,12800000,12575
8000,2015,80-89,115000,15250000,14000
8000,2015,90-99,110000,14350000,14225
8000,2015,100-109,140000,18750000,15500
8000,2015,110-150,130000,20000000,18350
8000,2016,60-69,90000,11900000,12275
8000,2016,70-79,130000,13000000,13000
8000,2016,80-89,122500,14900000,14825
8000,2016,90-99,120000,16375000,14250
8000,2016,100-109,140000,18000000,18175
8000,2016,110-150,125000,22175000,19075
8000,2017,60-69,110000,13450000,11600
8000,2017,70-79,130000,17000000,13200
8000,2017,80-89,130000,16500000,15150
8000,2017,90-99,122500,16800000,15750
8000,2017,100-109,130000,26000000,17500
8000,2017,110-150,125000,22500000,17500
8000,2018,50-59,97500,16000000,10400
8000,2018,60-69,120000,12650000,12500
8000,2018,70-79,150000,16550000,13325
8000,2018,80-89,132500,16500000,15600
8000,2018,90-99,135000,19600000,16075
8000,2018,100-109,145000,33750000,23925
8000,2018,110-150,130000,22500000,18350
8000,2019,50-59,111000,17300000,11500
8000,2019,60-69,120000,15000000,13400
8000,2019,70-79,120000,16500000,13600
8000,2019,80-89,135000,18000000,15850
8000,2019,90-99,142500,23600000,17350
8000,2019,100-109,160000,23200000,18250
8000,2019,110-150,200000,28500000,23675
8000,2020,50-59,117500,18000000,13450
8000,2020,60-69,115000,17400000,16050
8000,2020,70-79,150000,20850000,16900
8000,2020,80-89,135000,20000000,20250
8000,2020,90-99,140000,21250000,20400
8000,2020,100-109,140000,24500000,21350
8000,2020,110-150,150000,27000000,23650
8000,2021,60-69,127500,22750000,16850
8000,2021,70-79,150000,24550000,18150
8000,2021,80-89,145000,23700000,20200
8000,2021,90-99,160000,26350000,20850
8000,2021,100-109,165000,30900000,23725
8000,2021,110-150,182500,33100000,25250
8000,2022,60-69,135000,26000000,18150
8000,2022,80-89,135000,26000000,22650
8000,2022,100-109,145000,29950000,24100
8200,2011,50-59,70401.5,12877000,8980
8200,2011,60-69,75888,13547500,12950
8200,2011,70-79,85000,15750000,14475
8200,2011,80-89,90000,16000000,14700
8200,2011,90-99,85000,18700000,17275
8200,2011,100-109,92500,23500000,19750
8200,2012,50-59,66500,11239000,6910
8200,2012,60-69,80000,14689000,11350
8200,2012,70-79,90000,10643500,9795
8200,2012,80-89,90000,13510000,12100
8200,2012,90-99,95000,17053500,14275
8200,2012,110-150,115000,19787500,17775
8200,2013,60-69,90000,13702000,10350
8200,2013,70-79,90000,13575000,12175
8200,2013,80-89,95000,13800000,10700
8200,2013,90-99,102500,16100000,16125
8200,2013,100-109,100000,13300000,13900
8200,2014,60-69,90000,12200000,9980
8200,2014,70-79,102500,15700000,14500
8200,2014,80-89,100000,14851500,12700
8200,2014,90-99,110000,18300000,18550
8200,2014,100-109,134000,15400000,12600
8200,2014,110-150,149500,22102000,16300
8200,2015,50-59,82500,12264000,8770
8200,2015,60-69,95000,12791000,10375
8200,2015,70-79,112500,12900000,12350
8200,2015,80-89,110806,13000000,11400
8200,2015,90-99,115000,19950000,19150
8200,2015,100-109,138500,14000000,18650
8200,2015,110-150,153305,17950000,17325
8200,2016,50-59,95000,10863000,9190
8200,2016,60-69,120000,16000000,11400
8200,2016,70-79,125000,16650000,12150
8200,2016,80-89,132500,18800000,15400
8200,2016,90-99,125000,23250000,19775
8200,2016,100-109,149500,18625000,16025
8200,2016,110-150,155500,20000000,16300
8200,2017,50-59,120000,17350000,7940
8200,2017,60-69,123800,17000000,11400
8200,2017,70-79,140000,25990000,8200
8200,2017,80-89,155000,19900000,11650
8200,2017,90-99,140000,23500000,14900
8200,2017,100-109,161000,25800000,14050
8200,2017,110-150,169500,25250000,17275
8200,2018,50-59,120000,19650000,9910
8200,2018,60-69,130000,25800000,10740
8200,2018,70-79,149000,24500000,18800
8200,2018,80-89,150000,22800000,14500
8200,2018,90-99,160000,28250000,18275
8200,2018,100-109,174000,38800000,13200
8200,2018,110-150,181500,39500000,22850
8200,2019,50-59,140000,25400000,18950
8200,2019,60-69,150000,26100000,22650
8200,2019,70-79,154000,25250000,23775
8200,2019,80-89,170000,33900000,25125
8200,2019,90-99,180000,35200000,29500
8200,2019,100-109,180108.5,42600000,20450
8200,2019,110-150,186461,37900000,38200
8200,2020,50-59,140000,18750000,14450
8200,2020,60-69,165000,25850000,24750
8200,2020,70-79,160000,27200000,26300
8200,2020,80-89,170000,33500000,25600
8200,2020,90-99,190000,34700000,32500
8200,2020,100-109,182500,33750000,34000
8200,2020,110-150,186000,34000000,30300
8200,2021,50-59,150000,26800000,21250
8200,2021,60-69,160000,29500000,25050
8200,2021,70-79,170000,32500000,27050
8200,2021,80-89,178000,37400000,23600
8200,2021,90-99,180000,40900000,26050
8200,2021,100-109,190000,46900000,34100
8200,2021,110-150,200000,42250000,37200
8200,2022,60-69,170000,31900000,23250
8200,2022,70-79,177500,43500000,32300
8200,2022,80-89,210000,45250000,34525
8200,2022,90-99,220000,46900000,2300
8200,2022,100-109,200000,50450000,36600
8200,2022,110-150,210000,48200000,37150
8401,2011,70-79,80000,9730000,6940
8401,2011,80-89,76000,8500000,7020
8401,2012,80-89,80000,8950000,7790
8401,2012,90-99,90000,10975000,9070
8401,2013,60-69,80000,9000000,7630
8401,2013,70-79,90000,8000000,7430
8401,2013,80-89,95370,8000000,7840
8401,2013,90-99,92500,13792500,10800
8401,2014,50-59,76625,8000000,7070
8401,2014,60-69,85000,13500000,8520
8401,2014,70-79,87500,14900000,10050
8401,2014,80-89,90450,14900000,10450
8401,2014,100-109,107500,12800000,9410
8401,2015,50-59,71177,9000000,7490
8401,2015,60-69,75000,11700000,7130
8401,2015,70-79,86610,13600000,10600
8401,2016,50-59,110000,11500000,8220
8401,2016,60-69,85000,8417000,7430
8401,2016,80-89,110000,12650000,11525
8401,2017,60-69,110000,16000000,9600
8401,2017,70-79,75000,22000000,14050
8401,2017,90-99,98953,25000000,15725
8401,2017,100-109,125000,22375000,17050
8401,2018,60-69,75299,17300000,11450
8401,2018,100-109,153754,25850000,17850
8401,2019,50-59,77870,15950000,13325
8401,2019,60-69,117500,18000000,13875
8401,2019,80-89,95000,22200000,17225
8401,2020,50-59,125000,7490000,7490
8401,2020,60-69,142500,18950000,17650
8401,2020,70-79,150000,22000000,18700
8401,2020,80-89,167500,26000000,23100
8401,2020,110-150,175000,22290000,16000
8401,2021,50-59,106105,17500000,18200
8401,2021,60-69,140000,32000000,24350
8401,2021,80-89,150000,27750000,21075
8401,2021,100-109,182500,33800000,26150
8401,2021,110-150,150000,26000000,25500
8401,2022,80-89,160000,22350000,20675
8508,2017,80-89,145000,23000000,13800
8613,2021,90-99,150000,37000000,25350
8614,2013,60-69,75000,11000000,8090
8614,2014,60-69,75000,11300000,9400
8614,2015,70-79,75000,11000000,8660
8614,2016,80-89,140000,9500000,11600
8614,2020,60-69,128544,15150000,14750
8614,2021,70-79,148038,19325000,16400
8614,2022,60-69,139500,21000000,16100
8716,2013,70-79,90000,11700000,12650
8716,2014,60-69,70670,9450000,10750
8716,2014,80-89,112500,16500000,16150
8716,2015,80-89,105000,16600000,13850
8716,2015,100-109,103038,15750000,16775
8716,2016,60-69,150000,13550000,11425
8716,2016,90-99,140500,22500000,18425
8716,2017,90-99,149500,27750000,16450
8716,2018,50-59,91500,14250000,11100
8716,2018,70-79,100000,19500000,13475
8716,2018,90-99,180000,30750000,19550
8716,2018,110-150,185000,36342500,23375
8716,2019,50-59,111500,18000000,15200
8716,2019,70-79,170000,30400000,20500
8716,2019,80-89,150000,28000000,22600
8716,2019,90-99,177500,30000000,21550
8716,2019,110-150,185000,32000000,36900
8716,2020,50-59,125000,21050000,15625
8716,2020,60-69,130000,30000000,27700
8716,2020,70-79,160000,33800000,32000
8716,2020,90-99,185000,32950000,27550
8716,2021,50-59,125000,34300000,10377.5
8716,2021,60-69,150000,34700000,13550
8716,2021,70-79,170000,40700000,31575
8716,2021,80-89,162500,46000000,1995
8716,2021,90-99,200000,39200000,35825
8716,2021,100-109,235000,48200000,18000
8716,2022,50-59,84350,33900000,19950
8716,2022,60-69,167500,37200000,21850
8716,2022,70-79,220000,43950000,29250
8717,2011,70-79,77500,13550000,10110
8717,2013,110-150,130000,15950000,19375
8717,2014,60-69,91000,9000000,11450
8717,2015,70-79,115000,11341000,10055
8717,2016,60-69,97500,13379000,9290
8717,2016,70-79,119000,10950000,10850
8717,2017,60-69,106050,10900000,9820
8717,2017,70-79,125000,13455000,11575
8717,2018,60-69,110000,15200000,10000
8717,2018,70-79,135000,17100000,10600
8717,2018,80-89,120000,18500000,12150
8717,2019,50-59,115000,14800000,6570
8717,2019,70-79,155500,17500000,11800
8717,2019,80-89,160000,16500000,13450
8717,2020,60-69,130000,21350000,11575
8717,2020,70-79,120050,22750000,17800
8717,2020,80-89,144500,25300000,10025
8717,2021,50-59,165000,20000000,16850
8717,2021,60-69,147500,23450000,14875
8717,2021,70-79,125500,22400000,18325
8717,2021,80-89,80000,35000000,10550
8717,2022,60-69,162250,26000000,18800
8721,2020,60-69,120000,22450000,15900
8721,2021,60-69,107500,22500000,16450
